Book Id,Title,Author,Author l-f,Additional Authors,ISBN,ISBN13,My Rating,Average Rating,Publisher,Binding,Number of Pages,Year Published,Original Publication Year,Date Read,Date Added,Bookshelves,Bookshelves with positions,Exclusive Shelf,My Review,Spoiler,Private Notes,Read Count,Recommended For,Recommended By,Owned Copies,Original Purchase Date,Original Purchase Location,Condition,Condition Description,BCID
117047,The Blind Watchmaker: Why the Evidence of Evolution Reveals a Universe Without Design,Richard Dawkins,"Dawkins, Richard",,"=""0141026162""","=""9780141026169""",2,4.09,Penguin,Paperback,340,2006,1986,2018/09/29,2018/07/19,,,read,,,,1,,,0,,,,,
17362,Black Holes & Time Warps: Einstein's Outrageous Legacy,Kip S. Thorne,"Thorne, Kip S.","Stephen Hawking, Frederick Seitz","=""0393312763""","=""9780393312768""",2,4.18,W. W. Norton  Company,Paperback,624,1995,1994,2019/01/03,2018/09/19,,,read,,,,1,,,0,,,,,
20518872,The Three-Body Problem (Remembrance of Earth’s Past #1),Liu Cixin,"Cixin, Liu","Cixin Liu, Ken Liu","=""0765377063""","=""9780765377067""",0,4.05,Tor Books,Hardcover,400,2014,2007,,2018/05/09,currently-reading,currently-reading (#3),currently-reading,,,,1,,,0,,,,,
17618748,On Western Terrorism: From Hiroshima to Drone Warfare,Noam Chomsky,"Chomsky, Noam",André Vltchek,"=""0745333877""","=""9780745333878""",2,3.83,Pluto Press,Paperback,208,2013,2013,2019/02/02,2019/01/25,,,read,,,,1,,,0,,,,,
7407258,Principles of Synthetic Intelligence: Psi: An Architecture of Motivated Cognition,Joscha Bach,"Bach, Joscha",,"=""0195370678""","=""9780195370676""",0,4.36,"Oxford University Press, USA",Hardcover,374,2009,2009,,2019/01/29,currently-reading,currently-reading (#2),currently-reading,,,,1,,,0,,,,,
17697774,Computing machinery and intelligence,Alan Turing,"Turing, Alan",,"=""""","=""""",5,4.16,MSAC Philosophy Group,Unbound,24,2009,1950,2019/01/20,2019/01/16,,,read,,,,1,,,0,,,,,
34999438,Deep Learning with Keras: Implementing deep learning models and neural networks with the power of Python,Antonio Gulli,"Gulli, Antonio",Sujit Pal,"=""""","=""""",0,4.11,Packt Publishing,Kindle Edition,318,2017,,,2019/01/19,currently-reading,currently-reading (#1),currently-reading,,,,1,,,0,,,,,
3118806,Intelligence Service: Schriften,Alan Turing,"Turing, Alan",,"=""3922660223""","=""9783922660224""",0,5.00,Brinkmann &amp; Bose,,,1987,1987,,2019/01/16,to-read,to-read (#83),to-read,,,,0,,,0,,,,,
14891890,Alan Turing's Systems of Logic: The Princeton Thesis,Alan Turing,"Turing, Alan",Andrew W. Appel,"=""0691155747""","=""9780691155746""",0,4.20,Princeton University Press,Hardcover,160,2012,2012,,2019/01/16,to-read,to-read (#82),to-read,,,,0,,,0,,,,,
24755258,On Computable Numbers,Alan Turing,"Turing, Alan",,"=""""","=""""",0,4.41,,Kindle Edition,39,2015,2015,,2019/01/16,to-read,to-read (#81),to-read,,,,0,,,0,,,,,
150734,"The Essential Turing: Seminal Writings in Computing, Logic, Philosophy, Artificial Intelligence, and Artificial Life Plus the Secrets of Eni",Alan Turing,"Turing, Alan",B. Jack Copeland,"=""0198250800""","=""9780198250807""",0,4.20,Oxford University Press (UK),Paperback,622,2013,2004,,2019/01/16,to-read,to-read (#80),to-read,,,,0,,,0,,,,,
43560867,Beginner's Guide to Exploitation on ARM (Volume 2),Billy Ellis,"Ellis, Billy",,"=""""","=""""",4,4.00,,Paperback,131,,,2019/01/16,2019/01/14,,,read,,,,1,,,0,,,,,
43560862,Beginner's Guide to Exploitation on ARM (Volume 1),Billy Ellis,"Ellis, Billy",,"=""""","=""""",5,4.50,,Paperback,123,,,,2019/01/14,,,read,,,,1,,,0,,,,,
135479,Cat's Cradle,Kurt Vonnegut,"Vonnegut, Kurt",,"=""0140285601""","=""9780140285604""",4,4.17,Penguin,Paperback,306,1999,1963,2019/01/03,2018/12/03,,,read,,,,1,,,0,,,,,
31393737,Feature Engineering for Machine Learning,Alice Zheng,"Zheng, Alice",Amanda Casari,"=""1491953241""","=""9781491953242""",0,3.94,O'Reilly Media,Paperback,218,2018,,,2018/12/28,to-read,to-read (#79),to-read,,,,0,,,0,,,,,
22322,"Spook Country (Blue Ant, #2)",William Gibson,"Gibson, William",,"=""0399154302""","=""9780399154300""",0,3.68,Putnam Adult,Hardcover,371,2007,2007,,2018/12/15,to-read,to-read (#78),to-read,,,,0,,,0,,,,,
4698043,Unsupervised Learning: Foundations of Neural Computation,Geoffrey Hinton,"Hinton, Geoffrey",,"=""026258168X""","=""9780262581684""",0,3.50,MIT Press (MA),Paperback,398,1999,1999,,2018/12/15,to-read,to-read (#77),to-read,,,,0,,,0,,,,,
4588128,Connectionist Symbol Processing,Geoffrey Hinton,"Hinton, Geoffrey",,"=""026258106X""","=""9780262581066""",0,4.00,Bradford Book,Paperback,268,1991,1991,,2018/12/15,to-read,to-read (#76),to-read,,,,0,,,0,,,,,
24677581,La teoria del tutto (Le Navi),Michio Kaku,"Kaku, Michio",,"=""""","=""""",4,4.19,Castelvecchi,Kindle Edition,218,2014,1987,,2018/04/28,,,read,,,,1,,,0,,,,,
1382574,Gaming the Vote: Why Elections Aren't Fair (and What We Can Do About It),William Poundstone,"Poundstone, William",,"=""0809048930""","=""9780809048939""",0,3.93,Hill and Wang,Hardcover,352,2008,2008,,2018/10/11,to-read,to-read (#75),to-read,,,,0,,,0,,,,,
25666050,Algorithms to Live By: The Computer Science of Human Decisions,Brian Christian,"Christian, Brian",Tom  Griffiths,"=""1627790365""","=""9781627790369""",0,4.16,Henry Holt and Co.,Hardcover,368,2016,2016,,2018/09/29,to-read,to-read (#74),to-read,,,,0,,,0,,,,,
29997845,La Terza Memoria,Maico Morellini,"Morellini, Maico",,"=""""","=""""",0,3.45,Mondadori,Kindle Edition,267,2016,,,2018/09/29,to-read,to-read (#73),to-read,,,,0,,,0,,,,,
8874298,L'illusione di Dio: Le ragioni per non credere,Richard Dawkins,"Dawkins, Richard",,"=""8804570822""","=""9788804570820""",0,3.90,Mondadori,Hardcover,400,2007,2006,,2018/09/29,to-read,to-read (#72),to-read,,,,0,,,0,,,,,
1393757,Hypérion 1,Dan Simmons,"Simmons, Dan",,"=""2266173278""","=""9782266173278""",5,4.23,Pocket,Mass Market Paperback,282,2007,1989,,2018/04/27,,,read,,,,1,,,0,,,,,
2161966,The Black Hole War: My Battle with Stephen Hawking to Make the World Safe for Quantum Mechanics,Leonard Susskind,"Susskind, Leonard",,"=""0316016403""","=""9780316016407""",4,4.11,"Little, Brown and Company",Hardcover,480,2008,2008,2018/09/19,2018/07/19,,,read,,,,1,,,0,,,,,
260142,The Principles of Quantum Mechanics,Paul A.M. Dirac,"Dirac, Paul A.M.",,"=""0198520115""","=""9780198520115""",0,4.43,Clarendon Press,Paperback,324,1982,1958,,2018/09/13,to-read,to-read (#71),to-read,,,,0,,,0,,,,,
18509663,Spam Nation: The Inside Story of Organized Cybercrime — from Global Epidemic to Your Front Door,Brian Krebs,"Krebs, Brian",,"=""1402295618""","=""9781402295614""",0,3.72,Sourcebooks,Hardcover,256,2014,2014,,2018/09/11,to-read,to-read (#70),to-read,,,,0,,,0,,,,,
18154,The Cuckoo's Egg: Tracking a Spy Through the Maze of Computer Espionage,Clifford Stoll,"Stoll, Clifford",,"=""1416507787""","=""9781416507789""",0,4.21,Gallery Books,Paperback,399,2005,1989,,2018/09/11,to-read,to-read (#69),to-read,,,,0,,,0,,,,,
43866,Reinventing Your Life: The Breakthrough Program to End Negative Behavior...and Feel Great Again,Jeffrey E. Young,"Young, Jeffrey E.","Janet S. Klosko, Aaron T. Beck","=""0452272041""","=""9780452272040""",4,4.11,Penguin USA,Paperback,365,1994,1993,2018/09/03,2018/07/26,,,read,,,,1,,,0,,,,,
349418,The Art of Software Security Assessment: Identifying and Preventing Software Vulnerabilities,Mark Dowd,"Dowd, Mark","John McDonald, Justin Schuh","=""0321444426""","=""9780321444424""",0,4.45,Addison-Wesley Professional,Paperback,1174,2006,2006,,2018/09/03,to-read,to-read (#68),to-read,,,,0,,,0,,,,,
424126,Man and His Becoming According to the Vedanta,René Guénon,"Guénon, René",Richard C. Nicholson,"=""0900588616""","=""9780900588617""",1,4.28,Sophia Perennis et Universalis,Paperback,182,2001,1925,2018/07/21,2018/06/22,,,read,"One of the few books I didn't manage to finish, one of the most redundant and presumptuous writing style which completely ruined a very interesting and culturally important topic.",,,1,,,0,,,,,
13587145,The Theoretical Minimum: What You Need to Know to Start Doing Physics (Theoretical Minimum #1),Leonard Susskind,"Susskind, Leonard",George Hrabovsky,"=""046502811X""","=""9780465028115""",2,4.12,Basic Books,Hardcover,256,2013,2013,2018/07/21,2018/06/11,,,read,,,,1,,,0,,,,,
771550,The Cosmic Landscape: String Theory and the Illusion of Intelligent Design,Leonard Susskind,"Susskind, Leonard",,"=""0316155799""","=""9780316155793""",4,4.10,"Little, Brown and Company",Hardcover,416,2008,2005,2018/07/19,2018/07/13,,,read,,,,1,,,0,,,,,
53520,A First Course in General Relativity,Bernard Schutz,"Schutz, Bernard",,"=""0521277035""","=""9780521277037""",0,4.13,Cambridge University Press,Paperback,392,1985,1985,,2018/07/19,to-read,to-read (#67),to-read,,,,0,,,0,,,,,
231083,The Principia: Mathematical Principles of Natural Philosophy,Isaac Newton,"Newton, Isaac","I. Bernard Cohen, Anne Whitman","=""0520088174""","=""9780520088177""",0,4.22,University of California Press,Paperback,991,1999,1687,,2018/07/18,to-read,to-read (#66),to-read,,,,0,,,0,,,,,
150131,The First Three Minutes: A Modern View of the Origin of the Universe,Steven Weinberg,"Weinberg, Steven",,"=""0465024378""","=""9780465024377""",0,4.08,Basic Books,Paperback,203,1993,1977,,2018/07/18,to-read,to-read (#65),to-read,,,,0,,,0,,,,,
13642710,"Nexus (Nexus, #1)",Ramez Naam,"Naam, Ramez",,"=""0857662937""","=""9780857662934""",0,4.05,Angry Robot,Paperback,460,2012,2012,,2018/07/17,to-read,to-read (#64),to-read,,,,0,,,0,,,,,
23261448,The Science of Interstellar,Kip S. Thorne,"Thorne, Kip S.",Christopher J. Nolan,"=""0393351378""","=""9780393351378""",0,4.21,W. W. Norton & Company,Paperback,336,2014,2015,,2018/07/16,to-read,to-read (#63),to-read,,,,0,,,0,,,,,
9221598,Quantum Physics for Poets,Leon M. Lederman,"Lederman, Leon M.",Christopher T. Hill,"=""1616142332""","=""9781616142339""",0,3.92,Prometheus Books,Hardcover,338,2011,2010,,2018/07/16,to-read,to-read (#62),to-read,,,,0,,,0,,,,,
17797175,Beyond the God Particle,Leon M. Lederman,"Lederman, Leon M.",Christopher T. Hill,"=""1616148020""","=""9781616148027""",0,4.01,Prometheus Books,ebook,325,2013,2013,,2018/07/16,to-read,to-read (#61),to-read,,,,0,,,0,,,,,
34684622,Leonardo da Vinci,Walter Isaacson,"Isaacson, Walter",,"=""1501139150""","=""9781501139154""",0,4.20,Simon  Schuster,Hardcover,600,2017,2017,,2018/07/16,to-read,to-read (#60),to-read,,,,0,,,0,,,,,
6968772,The Master and His Emissary: The Divided Brain and the Making of the Western World,Iain McGilchrist,"McGilchrist, Iain",,"=""030014878X""","=""9780300148787""",0,4.29,Yale University Press,Hardcover,608,2009,2009,2018/07/14,2018/06/29,,,read,,,,1,,,0,,,,,
164515,Orality and Literacy: The Technologizing of the Word,Walter J. Ong,"Ong, Walter J.",,"=""0415281296""","=""9780415281294""",0,4.09,Routledge,Paperback,216,2002,1982,,2018/06/29,to-read,to-read (#59),to-read,,,,0,,,0,,,,,
11472331,Religion in Human Evolution: From the Paleolithic to the Axial Age,Robert N. Bellah,"Bellah, Robert N.",,"=""0674061438""","=""9780674061439""",0,4.03,Belknap Press of Harvard University Press,Hardcover,776,2011,2011,,2018/06/29,to-read,to-read (#58),to-read,,,,0,,,0,,,,,
1439,Hamlet's Mill: An Essay Investigating  the Origins of Human Knowledge & Its Transmission Through Myth,Giorgio De Santillana,"Santillana, Giorgio De",Hertha Von Dechend,"=""0879232153""","=""9780879232153""",0,4.28,Nonpareil Books,Paperback,450,2015,1969,,2018/06/29,to-read,to-read (#57),to-read,,,,0,,,0,,,,,
13748147,The Universe in Zero Words: The Story of Mathematics as Told Through Equations,Dana Mackenzie,"Mackenzie, Dana",,"=""0691152829""","=""9780691152820""",0,4.12,Princeton University Press,Hardcover,224,2012,2012,,2018/06/24,to-read,to-read (#56),to-read,,,,0,,,0,,,,,
33780690,"Fast Focus: A Quick-Start Guide To Mastering Your Attention, Ignoring Distractions, And Getting More Done In Less Time!",Damon Zahariades,"Zahariades, Damon",,"=""""","=""""",0,3.63,,Kindle Edition,153,2017,,,2018/06/22,to-read,to-read (#55),to-read,,,,0,,,0,,,,,
162780,What Is Life? with Mind and Matter and Autobiographical Sketches,Erwin Schrödinger,"Schrödinger, Erwin",Roger Penrose,"=""0521427088""","=""9780521427081""",3,4.14,Cambridge University Press,Paperback,184,1992,1944,2018/06/21,2018/05/01,,,read,,,,1,,,0,,,,,
29965800,The Subtle Art of Not Giving a F*ck: A Counterintuitive Approach to Living a Good Life,Mark Manson,"Manson, Mark",,"=""""","=""""",0,3.99,HarperOne,Kindle Edition,229,2016,2016,,2018/06/21,to-read,to-read (#54),to-read,,,,0,,,0,,,,,
9714829,"Modelli matematici, fisica e filosofia: Scritti divulgativi",Ludwig Boltzmann,"Boltzmann, Ludwig",Carlo Cercignani,"=""8833909522""","=""9788833909523""",0,3.75,Bollati Boringhieri,Paperback,210,1999,1999,,2018/06/21,to-read,to-read (#53),to-read,,,,0,,,0,,,,,
309720,Lectures on Gas Theory,Ludwig Boltzmann,"Boltzmann, Ludwig",Stephen G. Brush,"=""0486684555""","=""9780486684550""",0,3.33,Dover Publications,Paperback,512,2011,1964,,2018/06/21,to-read,to-read (#52),to-read,,,,0,,,0,,,,,
5043,"The Pillars of the Earth (Kingsbridge, #1)",Ken Follett,"Follett, Ken",طاهره صدیقیان,"=""0451207149""","=""9780451207142""",5,4.30,NAL Trade,Paperback,973,2002,1989,,2018/05/01,,,read,,,,1,,,0,,,,,
7613,Animal Farm,George Orwell,"Orwell, George",,"=""0452284244""","=""9780452284241""",4,3.91,NAL,Paperback,122,2003,1945,2018/05/08,2018/04/29,,,read,,,,1,,,0,,,,,
3414310,Lo Zen e il tiro con l’arco,Eugen Herrigel,"Herrigel, Eugen","Daisez T. Suzuki, Gabriella Bemporad","=""8845901777""","=""9788845901775""",5,4.04,Adelphi,Paperback,100,1975,1948,,2018/04/28,,,read,,,,1,,,0,,,,,
2493,The Time Machine,H.G. Wells,"Wells, H.G.","Greg Bear, Carlo Pagetti","=""0451528557""","=""9780451528551""",4,3.88,Signet Classics,Paperback,118,2002,1895,2018/05/10,2018/04/28,,,read,,,,1,,,0,,,,,
26170594,101 Zen Stories,Nyogen Senzaki,"Senzaki, Nyogen",,"=""""","=""""",5,3.88,,Kindle Edition,121,2015,1919,,2018/04/29,,,read,,,,1,,,0,,,,,
23654870,Itadakimasu: Umilmente ricevo in dono,Fabio Geda,"Geda, Fabio",,"=""8859204526""","=""9788859204527""",4,3.69,EDT,Paperback,133,2014,2014,,2018/04/28,,,read,,,,1,,,0,,,,,
9707900,Lo specchio di Dio,Andreas Eschbach,"Eschbach, Andreas",Robin Benatti,"=""8834709950""","=""9788834709955""",5,3.87,Fanucci,Paperback,521,2004,1998,,2018/04/28,,,read,,,,1,,,0,,,,,
3943,"The Hyperion Omnibus (Hyperion Cantos, #1-2)",Dan Simmons,"Simmons, Dan",,"=""0575076267""","=""9780575076266""",5,4.42,Orion Publishing Group,Paperback,779,2004,1990,,2018/04/27,,,read,,,,1,,,0,,,,,
33986067,Deep learning with Python,Francois Chollet,"Chollet, Francois",,"=""1617294438""","=""9781617294433""",4,4.65,Manning,Paperback,350,2017,,,2018/04/27,,,read,,,,1,,,0,,,,,
36265193,Serious Cryptography: A Practical Introduction to Modern Encryption,Jean-Philippe Aumasson,"Aumasson, Jean-Philippe",,"=""""","=""""",4,4.24,No Starch Press,Kindle Edition,312,2017,,,2018/04/27,,,read,,,,1,,,0,,,,,
8675052,Orphans of the Helix (Hyperion Cantos #4.5),Dan Simmons,"Simmons, Dan",,"=""""","=""""",5,3.75,Heyne Verlag,,46,2016,1999,,2018/04/27,,,read,,,,1,,,0,,,,,
9743230,"Olympos: La Guerra degli Immortali (Ilium/Olympos, #3)",Dan Simmons,"Simmons, Dan",Gaetano Luigi Staffilano,"=""8804551062""","=""9788804551065""",5,3.96,Mondadori,Hardcover,453,2006,2005,,2018/04/27,,,read,,,,1,,,0,,,,,
76688,Robots and Empire (Robot #4),Isaac Asimov,"Asimov, Isaac",,"=""0586062009""","=""9780586062005""",5,4.19,Voyager,Paperback,512,1996,1985,,2018/04/27,,,read,,,,1,,,0,,,,,
76679,Forward the Foundation (Foundation: Prequel #2),Isaac Asimov,"Asimov, Isaac",,"=""0553565079""","=""9780553565072""",5,4.15,Bantam/Spectra,Paperback,464,1994,1993,,2018/04/27,,,read,,,,1,,,0,,,,,
50091,The Complete Robot (Robot #0.3),Isaac Asimov,"Asimov, Isaac",,"=""0586057242""","=""9780586057247""",5,4.35,Voyager/HarperCollins,Mass Market Paperback,688,1995,1982,,2018/04/27,,,read,,,,1,,,0,,,,,
4808763,The Last Question,Isaac Asimov,"Asimov, Isaac","Bob E. Flick, Jim Gallant","=""1884214495""","=""9781884214493""",5,4.58,Ziggurat Productions,Audio CD,9,2007,1956,,2018/04/27,,,read,,,,1,,,0,,,,,
41810,The Robots of Dawn (Robot #3),Isaac Asimov,"Asimov, Isaac",,"=""0553299492""","=""9780553299496""",5,4.15,Spectra,Paperback,435,1994,1983,,2018/04/27,,,read,,,,1,,,0,,,,,
509784,The End of Eternity,Isaac Asimov,"Asimov, Isaac",,"=""0449016196""","=""9780449016190""",5,4.23,Fawcett Crest,Mass Market Paperback,192,1971,1955,,2018/04/27,,,read,,,,1,,,0,,,,,
18431,The Rule of Four,Ian Caldwell,"Caldwell, Ian",Dustin Thomason,"=""0440241359""","=""9780440241355""",5,3.22,Dell Publishing Company,Paperback,450,2005,2004,,2018/04/27,,,read,,,,1,,,0,,,,,
10638,The Road to Reality: A Complete Guide to the Laws of the Universe,Roger Penrose,"Penrose, Roger",,"=""0679776311""","=""9780679776314""",5,4.10,Vintage,Paperback,1099,2007,2004,,2018/04/27,,,read,,,,1,,,0,,,,,
30013,Prelude to Foundation,Isaac Asimov,"Asimov, Isaac",,"=""""","=""""",5,4.09,Voyager,Paperback,464,1994,1988,,2018/04/27,,,read,,,,1,,,0,,,,,
138134,The Complete Poems,John Keats,"Keats, John",,"=""0679601082""","=""9780679601081""",4,4.24,Modern Library,Hardcover,416,1994,1820,,2018/04/27,,,read,,,,1,,,0,,,,,
29582,Foundation and Earth (Foundation #5),Isaac Asimov,"Asimov, Isaac",,"=""0553587579""","=""9780553587579""",5,4.04,Spectra,Paperback,500,2004,1986,,2018/04/27,,,read,,,,1,,,0,,,,,
28514478,Who Rules the World?,Noam Chomsky,"Chomsky, Noam",,"=""162779381X""","=""9781627793810""",3,4.05,Metropolitan Books/Henry Holt & Co. (NYC),Hardcover,320,2016,2014,,2018/04/27,,,read,,,,1,,,0,,,,,
12618,On Anarchism,Noam Chomsky,"Chomsky, Noam",Barry Pateman,"=""1904859208""","=""9781904859208""",3,3.95,AK Press,Paperback,256,2005,2005,,2018/04/27,,,read,,,,1,,,0,,,,,
1174511,The Shellcoder's Handbook: Discovering and Exploiting Security Holes,Jack Koziol,"Koziol, Jack","Chris Anley, John Heasman","=""047008023X""","=""9780470080238""",5,4.13,Wiley,Paperback,718,2007,2004,,2018/04/27,,,read,,,,1,,,0,,,,,
867247,A Book of Five Rings: The Classic Guide to Strategy,Miyamoto Musashi,"Musashi, Miyamoto",Victor Harris,"=""0517415283""","=""9780517415283""",5,4.08,Gramercy,Hardcover,192,1988,1645,,2018/04/27,,,read,,,,1,,,0,,,,,
18227589,"Practical Reverse Engineering: x86, x64, ARM, Windows Kernel, Reversing Tools, and Obfuscation",Bruce Dang,"Dang, Bruce","Alexandre Gazet, Elias Bachaalany","=""1118787315""","=""9781118787311""",3,3.89,Wiley,Paperback,355,2014,2014,,2018/04/27,,,read,,,,1,,,0,,,,,
7178837,Assembly Language for x86 Processors,Kip Irvine,"Irvine, Kip",,"=""013602212X""","=""9780136022121""",4,4.09,Prentice Hall,Hardcover,768,2010,2010,,2018/04/27,,,read,,,,1,,,0,,,,,
968546,Algorithms in C++,Robert Sedgewick,"Sedgewick, Robert",,"=""0201510596""","=""0785342510591""",4,3.94,Addison-Wesley Professional,Hardcover,672,1992,1992,2018/04/27,2018/04/27,,,read,,,,2,,,0,,,,,
9410434,"The Art of Computer Programming, Volumes 1-4a Boxed Set",Donald Ervin Knuth,"Knuth, Donald Ervin",,"=""0321751043""","=""9780321751041""",4,4.78,Addison-Wesley Professional,Hardcover,3168,2011,2011,,2018/04/27,,,read,,,,1,,,0,,,,,
23828418,Mastering Machine Learning with scikit-learn,Gavin Hackeling,"Hackeling, Gavin",,"=""""","=""""",5,3.92,Packt Publishing,Kindle Edition,238,2014,2014,,2018/04/27,,,read,,,,1,,,0,,,,,
9068044,Social Engineering: The Art of Human Hacking,Christopher Hadnagy,"Hadnagy, Christopher",Paul Wilson,"=""0470639539""","=""9780470639535""",5,3.82,Wiley,Paperback,382,2010,2010,,2018/04/27,,,read,,,,1,,,0,,,,,
5552,QED: The Strange Theory of Light and Matter,Richard Feynman,"Feynman, Richard",,"=""0691024170""","=""9780691024172""",5,4.24,Princeton University Press,Paperback,158,1988,1985,2018/05/24,2018/04/27,,,read,,,,1,,,0,,,,,
166195,Modern Operating Systems,Andrew S. Tanenbaum,"Tanenbaum, Andrew S.",Herbert Bos,"=""0130313580""","=""9780130313584""",4,4.08,Prentice Hall,Hardcover,976,2001,1992,,2018/04/27,,,read,,,,1,,,0,,,,,
5546,The Feynman Lectures on Physics,Richard Feynman,"Feynman, Richard","Robert B. Leighton, Matthew L. Sands","=""0805390456""","=""9780805390452""",5,4.60,Addison Wesley,Hardcover,1552,2005,1964,2018/05/01,2018/04/27,,,read,,,,1,,,0,,,,,
6779,"Six Not-So-Easy Pieces: Einstein's Relativity, Symmetry, and Space-Time",Richard Feynman,"Feynman, Richard",Roger Penrose,"=""0465023932""","=""9780465023936""",5,4.22,Basic Books,Paperback,184,2005,1963,2018/05/03,2018/04/27,,,read,,,,1,,,0,,,,,
638371,Gravitation,Charles W. Misner,"Misner, Charles W.","Kip S. Thorne, John Archibald Wheeler","=""0716703440""","=""9780716703440""",5,4.34,W. H. Freeman,Paperback,1215,1973,1973,2018/05/01,2018/04/27,,,read,,,,1,,,0,,,,,
5553,Six Easy Pieces: Essentials of Physics By Its Most Brilliant Teacher,Richard Feynman,"Feynman, Richard",,"=""0465023924""","=""9780465023929""",5,4.20,Basic Books,Paperback,138,1995,1962,2018/04/28,2018/04/27,,,read,,,,1,,,0,,,,,
29580,Second Foundation (Foundation #3),Isaac Asimov,"Asimov, Isaac",,"=""0553803735""","=""9780553803730""",5,4.25,Bantam Spectra,Hardcover,256,2004,1953,,2018/04/26,,,read,,,,1,,,0,,,,,
3972,"Olympos (Ilium, #2)",Dan Simmons,"Simmons, Dan",,"=""0380817934""","=""9780380817931""",5,3.94,Harper Voyager,Mass Market Paperback,891,2006,2005,,2018/04/26,,,read,,,,1,,,0,,,,,
46654,"The Foundation Trilogy (Foundation, #1-3)",Isaac Asimov,"Asimov, Isaac",,"=""0380508567""","=""9780380508563""",5,4.40,,Paperback,679,1974,1953,,2018/04/26,,,read,,,,1,,,0,,,,,
3973,"Ilium (Ilium, #1)",Dan Simmons,"Simmons, Dan",,"=""0380817926""","=""9780380817924""",5,4.02,HarperTorch,Mass Market Paperback,752,2005,2003,,2018/04/26,,,read,,,,1,,,0,,,,,
102030,Musashi,Eiji Yoshikawa,"Yoshikawa, Eiji","Charles Terry, Edwin O. Reischauer","=""4770019572""","=""9784770019578""",5,4.45,Kodansha International,Hardcover,970,1995,1935,,2018/04/26,,,read,,,,1,,,0,,,,,
29581,Foundation and Empire (Foundation #2),Isaac Asimov,"Asimov, Isaac",Sönmez Güven,"=""0553803727""","=""9780553803723""",5,4.22,Spectra Books,Hardcover,256,2004,1952,,2018/04/26,,,read,,,,1,,,0,,,,,
11289,"The Rise of Endymion (Hyperion Cantos, #4)",Dan Simmons,"Simmons, Dan",,"=""0553572989""","=""9780553572988""",5,4.17,Spectra,Mass Market Paperback,709,1998,1997,,2018/04/26,,,read,,,,1,,,0,,,,,
77566,"Hyperion (Hyperion Cantos, #1)",Dan Simmons,"Simmons, Dan",,"=""0553283685""","=""9780553283686""",5,4.23,Bantam Spectra,Mass Market Paperback,482,1990,1989,,2018/04/26,,,read,,,,1,,,0,,,,,
888628,"Neuromancer (Sprawl, #1)",William Gibson,"Gibson, William",Jack Womack,"=""0441007465""","=""9780441007462""",4,3.89,Ace Books,Paperback,261,2000,1984,,2018/04/26,,,read,,,,1,,,0,,,,,
3977,"Endymion (Hyperion Cantos, #3)",Dan Simmons,"Simmons, Dan",,"=""0553572946""","=""9780553572940""",5,4.16,Bantam Spectra,Mass Market Paperback,563,1996,1996,,2018/04/26,,,read,,,,1,,,0,,,,,
41804,"I, Robot (Robot, #0.1)",Isaac Asimov,"Asimov, Isaac",,"=""0553803700""","=""9780553803709""",5,4.18,Spectra,Hardcover,224,2004,1950,,2018/04/26,,,read,,,,1,,,0,,,,,
77565,"The Fall of Hyperion (Hyperion Cantos, #2)",Dan Simmons,"Simmons, Dan",,"=""0553288202""","=""9780553288209""",5,4.19,Spectra Books,Mass Market Paperback,518,1995,1990,,2018/04/26,,,read,,,,1,,,0,,,,,
5470,1984,George Orwell,"Orwell, George",Erich Fromm,"=""""","=""""",5,4.17,New American Library,Mass Market Paperback,326,1950,1949,,2018/04/26,,,read,,,,1,,,0,,,,,
29579,Foundation (Foundation #1),Isaac Asimov,"Asimov, Isaac",,"=""0553803719""","=""9780553803716""",5,4.15,Bantam,Hardcover,244,2004,1951,,2018/04/26,,,read,,,,1,,,0,,,,,
747570,"Evolution in Four Dimensions: Genetic, Epigenetic, Behavioral, and Symbolic Variation in the History of Life",Eva Jablonka,"Jablonka, Eva",Marion J. Lamb,"=""0262600692""","=""9780262600699""",0,4.15,MIT Press (MA),Paperback,462,2006,2005,,2018/06/15,to-read,to-read (#51),to-read,,,,0,,,0,,,,,
3869,A Brief History of Time,Stephen Hawking,"Hawking, Stephen",,"=""0553380168""","=""9780553380163""",4,4.16,Bantam Books,Paperback,212,1998,1988,2018/06/11,2018/06/04,,,read,,,,1,,,0,,,,,
15818399,"This Explains Everything: Deep, Beautiful, and Elegant Theories of How the World Works",John Brockman,"Brockman, John","Susan Blackmore, Rebecca Goldstein, James J. O'Donnell, Paul J. Steinhardt, Shing-Tung Yau, Frank Wilczek, Thomas Metzinger, Sean Carroll, Steven Pinker, Jonathan Gottschall, David G. Myers, Matt Ridley, Armand Marie Leroi, Gerd Gigerenzer, Martin J. Rees, Richard Dawkins, Scott Atran, Carlo Rovelli, Aubrey de Grey, Leonard Susskind, Joel Gold, Alan Alda, Anton Zeilinger, Jeremy Bernstein, Andrei D. Linde, George Dyson, Max Tegmark, Gino Segrè, Freeman Dyson, Satyajit Das, Haim Harari, Robert R. Provine, V.S. Ramachandran, David Eagleman, Mahzarin Banaji, Robert M. Sapolsky, Richard H. Thaler, Jennifer Jacquet, Judith Rich Harris, Dan Sperber, Clay Shirky, Hugo Mercier, Stewart Brand, Kevin P. Hand, Paul Saffo, Daniel C. Dennett, Carl Zimmer, David M. Buss, A.C. Grayling, Howard Gardner","=""0062230174""","=""9780062230171""",0,3.67,Harper Perennial,Paperback,411,2013,2013,,2018/06/10,to-read,to-read (#50),to-read,,,,0,,,0,,,,,
7873438,Sleights of Mind: What the Neuroscience of Magic Reveals about Our Everyday Deceptions,Stephen L. Macknik,"Macknik, Stephen L.","Susana Martinez-Conde, Sandra Blakeslee","=""0805092811""","=""9780805092813""",0,3.94,Henry Holt and Co.,Hardcover,291,2010,2010,,2018/06/10,to-read,to-read (#49),to-read,,,,0,,,0,,,,,
34459,Metaphors We Live By,George Lakoff,"Lakoff, George",Mark  Johnson,"=""0226468011""","=""9780226468013""",0,4.09,University of Chicago Press,Paperback,276,2003,1980,,2018/06/10,to-read,to-read (#48),to-read,,,,0,,,0,,,,,
53336,"Women, Fire, and Dangerous Things: What Categories Reveal About the Mind",George Lakoff,"Lakoff, George",,"=""0226468046""","=""9780226468044""",0,4.11,University of Chicago Press,Paperback,632,1990,1987,,2018/06/10,to-read,to-read (#47),to-read,,,,0,,,0,,,,,
54988,Nabokov's Blues: The Scientific Odyssey of a Literary Genius,Kurt Johnson,"Johnson, Kurt",Steven L. Coates,"=""0071373306""","=""9780071373302""",0,3.92,McGraw-Hill Companies,Paperback,372,2001,2000,,2018/06/10,to-read,to-read (#46),to-read,,,,0,,,0,,,,,
55981,Consilience: The Unity of Knowledge,Edward O. Wilson,"Wilson, Edward O.",,"=""067976867X""","=""9780679768678""",0,3.92,Vintage,Paperback,368,1999,1998,,2018/06/10,to-read,to-read (#45),to-read,,,,0,,,0,,,,,
1435518,The Meaning of the Body: Aesthetics of Human Understanding,Mark  Johnson,"Johnson, Mark",,"=""0226401928""","=""9780226401928""",0,4.15,University of Chicago Press,Hardcover,326,2007,2007,,2018/06/10,to-read,to-read (#44),to-read,,,,0,,,0,,,,,
1300931,Cognitive Variations: Reflections on the Unity and Diversity of the Human Mind,G.E.R. Lloyd,"Lloyd, G.E.R.",,"=""0199214611""","=""9780199214617""",0,3.75,OUP Oxford,Hardcover,200,2007,2007,,2018/06/10,to-read,to-read (#43),to-read,,,,0,,,0,,,,,
137979,Against Method,Paul Karl Feyerabend,"Feyerabend, Paul Karl",,"=""0860916464""","=""9780860916468""",0,4.00,Verso,Paperback,296,1993,1975,,2018/06/10,to-read,to-read (#42),to-read,,,,0,,,0,,,,,
1039648,Atom and Archetype: The Pauli/Jung Letters 1932-58,Carl Jung,"Jung, Carl","Wolfgang Ernst Pauli, Carl Alfred Meier","=""0691012075""","=""9780691012070""",0,4.17,Princeton University Press (NJ),Hardcover,320,2001,1992,,2018/06/10,to-read,to-read (#41),to-read,,,,0,,,0,,,,,
331816,"Genes, Peoples, and Languages",Luigi Luca Cavalli-Sforza,"Cavalli-Sforza, Luigi Luca",Mark Seielstad,"=""0520228731""","=""9780520228733""",0,3.88,University of California Press,Paperback,239,2001,1996,,2018/06/10,to-read,to-read (#40),to-read,,,,0,,,0,,,,,
150572,"Philosophical Papers, Volume 2: Mathematics, Science and Epistemology",Imre Lakatos,"Lakatos, Imre","Gregory Currie, John Worrall","=""0521280303""","=""9780521280303""",0,4.25,Cambridge University Press,Paperback,296,1980,1978,,2018/06/10,to-read,to-read (#39),to-read,,,,0,,,0,,,,,
19243883,Neanderthal Man: In Search of Lost Genomes,Svante Pääbo,"Pääbo, Svante",,"=""0465020836""","=""9780465020836""",0,4.04,Basic Books,Hardcover,288,2014,2014,,2018/06/10,to-read,to-read (#38),to-read,,,,0,,,0,,,,,
78,Annals of the Former World,John McPhee,"McPhee, John",,"=""0374518734""","=""9780374518738""",0,4.34,"Farrar, Straus and Giroux",Paperback,720,1999,1998,,2018/06/10,to-read,to-read (#37),to-read,,,,0,,,0,,,,,
39936289,Arc d'X: A Novel,Steve Erickson,"Erickson, Steve",,"=""""","=""""",0,3.97,Open Road Media,Kindle Edition,298,2013,1993,,2018/05/01,to-read,to-read (#22),to-read,,,,0,,,0,,,,,
13651,The Dispossessed (Hainish Cycle #6),Ursula K. Le Guin,"Guin, Ursula K. Le",,"=""0061054887""","=""9780061054884""",3,4.20,Harper Voyager,Paperback,387,1994,1974,2018/05/14,2018/05/07,,,read,,,,1,,,0,,,,,
9565745,Il mistero dell'inquisitore Eymerich,Valerio Evangelisti,"Evangelisti, Valerio",,"=""8804525088""","=""9788804525080""",4,3.80,Mondadori,Paperback,308,1998,1996,,2018/05/14,,,read,,,,1,,,0,,,,,
62283,Il corpo e il sangue di Eymerich,Valerio Evangelisti,"Evangelisti, Valerio",,"=""880453818X""","=""9788804538189""",3,3.79,Mondadori,Paperback,272,2005,1996,,2018/05/14,,,read,,,,1,,,0,,,,,
3703868,Le catene di Eymerich,Valerio Evangelisti,"Evangelisti, Valerio",,"=""8804551585""","=""9788804551584""",3,3.80,Arnoldo Mondadori,Paperback,277,2006,1995,,2018/05/14,,,read,,,,1,,,0,,,,,
3245457,"Nicolas Eymerich, inquisitore",Valerio Evangelisti,"Evangelisti, Valerio",,"=""8804528826""","=""9788804528821""",3,3.58,Mondadori,Paperback,274,2004,1994,,2018/05/14,,,read,,,,1,,,0,,,,,
4156478,Exploring Chaos: Theory and Experiment,Brian   Davies,"Davies, Brian",,"=""0738200905""","=""9780738200903""",0,4.25,Westview Press,Hardcover,256,1999,1999,,2018/05/13,to-read,to-read (#36),to-read,,,,0,,,0,,,,,
11525,"1,000 Places to See Before You Die",Patricia Schultz,"Schultz, Patricia",,"=""0761104844""","=""9780761104841""",0,3.85,Workman Publishing Company,Paperback,992,2003,2003,,2018/05/13,to-read,to-read (#35),to-read,,,,0,,,0,,,,,
1168341,Physics of the Impossible,Michio Kaku,"Kaku, Michio",,"=""0385520697""","=""9780385520690""",0,4.08,Doubleday Books,Hardcover,329,2008,2008,,2018/05/10,to-read,to-read (#34),to-read,,,,0,,,0,,,,,
818063,Calculus Made Easy,Silvanus Phillips Thompson,"Thompson, Silvanus Phillips",Martin Gardner,"=""0312185480""","=""9780312185480""",3,4.21,St. Martin's Press,Hardcover,336,1998,1910,2018/05/08,2018/05/01,,,read,,,,1,,,0,,,,,
17891457,Unmasking the Social Engineer: The Human Element of Security,Christopher Hadnagy,"Hadnagy, Christopher",Paul Ekman,"=""1118608577""","=""9781118608579""",1,3.62,Wiley,Paperback,256,2014,2014,2018/05/08,2018/05/01,,,read,,,,2,,,0,,,,,
70535,"2001: A Space Odyssey (Space Odyssey, #1)",Arthur C. Clarke,"Clarke, Arthur C.",,"=""0451457994""","=""9780451457998""",3,4.14,Roc,Paperback,297,2000,1968,2018/05/07,2018/04/26,,,read,,,,2,,,0,,,,,
22200,"Count Zero (Sprawl, #2)",William Gibson,"Gibson, William",,"=""0441013678""","=""9780441013678""",0,4.01,Ace Books,Paperback,308,2006,1986,,2018/05/04,to-read,to-read (#33),to-read,,,,0,,,0,,,,,
449329,The Man in the Maze,Robert Silverberg,"Silverberg, Robert",,"=""0380022621""","=""9780380022625""",3,3.81,The Hearst Corporation,Mass Market Paperback,192,1969,1968,,2018/05/03,,,read,,,,1,,,0,,,,,
10545174,Metasploit: The Penetration Tester's Guide,David  Kennedy,"Kennedy, David","Jim O'Gorman, Devon Kearns, Mati Aharoni","=""159327288X""","=""9781593272883""",3,4.04,No Starch Press,Paperback,328,2011,2011,,2018/05/02,,,read,,,,1,,,0,,,,,
1067264,Reversing: Secrets of Reverse Engineering,Eldad Eilam,"Eilam, Eldad",,"=""0764574817""","=""9780764574818""",3,4.04,Wiley,Paperback,624,2005,2005,,2018/05/02,,,read,,,,1,,,0,,,,,
5052,Code to Zero,Ken Follett,"Follett, Ken",,"=""0451216725""","=""9780451216724""",3,3.71,NAL,Paperback,384,2005,2000,,2018/05/01,,,read,,,,1,,,0,,,,,
825509,A Place Called Freedom,Ken Follett,"Follett, Ken",,"=""0449225151""","=""9780449225158""",5,3.92,Ballantine Books,Paperback,437,1996,1995,,2018/05/01,,,read,,,,1,,,0,,,,,
92373,The Third Twin,Ken Follett,"Follett, Ken",,"=""033034837X""","=""9780330348379""",3,3.68,MacMillan General Books,Paperback,640,1997,1996,,2018/05/01,,,read,,,,1,,,0,,,,,
41689,The Key to Rebecca,Ken Follett,"Follett, Ken",Arto Häilä,"=""0451207793""","=""9780451207791""",5,3.88,NAL,Paperback,352,2003,1980,,2018/05/01,,,read,,,,1,,,0,,,,,
337133,Factoring Humanity,Robert J. Sawyer,"Sawyer, Robert J.",,"=""0812571290""","=""9780812571295""",0,3.78,Tor Science Fiction,Paperback,352,1999,1998,,2018/05/01,to-read,to-read (#32),to-read,,,,0,,,0,,,,,
3084431,Emotional Awareness: Overcoming the Obstacles to Psychological Balance and Compassion,Dalai Lama XIV,"XIV, Dalai Lama","Paul Ekman, Daniel Goleman","=""0805087125""","=""9780805087123""",0,4.04,Times Books,Hardcover,288,2008,2008,,2018/05/01,to-read,to-read (#31),to-read,,,,0,,,0,,,,,
18288,Critique of Pure Reason,Immanuel Kant,"Kant, Immanuel","Paul Guyer, Allen W. Wood","=""0521657296""","=""9780521657297""",0,3.93,Cambridge University Press,Paperback,796,1999,1781,,2018/05/01,to-read,to-read (#30),to-read,,,,0,,,0,,,,,
231610,The World as I See It,Albert Einstein,"Einstein, Albert",,"=""1599869659""","=""9781599869650""",0,3.88,"Filiquarian Publishing, LLC.",Paperback,128,2006,1934,,2018/05/01,to-read,to-read (#29),to-read,,,,0,,,0,,,,,
9842911,Relatività: Esposizione divulgativa,Albert Einstein,"Einstein, Albert",Bruno Cermignani,"=""8833902668""","=""9788833902661""",4,4.18,Bollati Boringhieri,Paperback,326,1991,1916,,2018/05/01,,,read,,,,1,,,0,,,,,
12617,Manufacturing Consent: The Political Economy of the Mass Media,Noam Chomsky,"Chomsky, Noam",Edward S. Herman,"=""0375714499""","=""9780375714498""",0,4.24,Pantheon,Paperback,412,2002,1988,,2018/05/01,to-read,to-read (#28),to-read,,,,0,,,0,,,,,
3245424,"Guida galattica per gli autostoppisti (Guida galattica per gli autostoppisti, #1)",Douglas Adams,"Adams, Douglas",Laura Serra,"=""8804464631""","=""9788804464631""",0,4.22,Mondadori,Paperback,213,1999,1979,,2018/05/01,to-read,to-read (#27),to-read,,,,0,,,0,,,,,
179744,"The Emperor's New Mind: Concerning Computers, Minds and the Laws of Physics",Roger Penrose,"Penrose, Roger",Martin Gardner,"=""0192861980""","=""9780192861986""",3,3.86,"Oxford University Press, USA",Paperback,640,2002,1989,,2018/05/01,,,read,,,,1,,,0,,,,,
27771819,La Scrittura del Dio,Tiziano Gabrieli,"Gabrieli, Tiziano",,"=""8867971948""","=""9788867971947""",0,0.0,Goware,Paperback,104,2014,,,2018/05/01,to-read,to-read (#26),to-read,,,,0,,,0,,,,,
19008370,Furore,John Steinbeck,"Steinbeck, John","Sergio Claudio Perroni, Luigi Sampietro","=""8845274055""","=""9788845274053""",0,3.95,Bompiani,Paperback,656,2013,1939,,2018/05/01,to-read,to-read (#25),to-read,,,,0,,,0,,,,,
30363785,The Art of Invisibility: The World's Most Famous Hacker Teaches You How to Be Safe in the Age of Big Brother and Big Data,Kevin D. Mitnick,"Mitnick, Kevin D.",Robert Vamosi,"=""0316380504""","=""9780316380508""",1,3.99,"Little, Brown and Company",Hardcover,320,2017,2017,,2018/05/01,,,read,,,,1,,,0,,,,,
10256723,Ghost in the Wires: My Adventures as the World's Most Wanted Hacker,Kevin D. Mitnick,"Mitnick, Kevin D.","William L. Simon, Steve Wozniak","=""0316037702""","=""9780316037709""",1,3.96,"Little, Brown and Company",Hardcover,393,2011,2011,,2018/05/01,,,read,,,,1,,,0,,,,,
34628788,Guerre di Rete,Carola Frediani,"Frediani, Carola",,"=""""","=""""",3,4.33,Editori Laterza,Kindle Edition,155,2017,,,2018/05/01,,,read,,,,1,,,0,,,,,
4381,Fahrenheit 451,Ray Bradbury,"Bradbury, Ray",Alfredo Crespo,"=""0307347974""","=""9780307347978""",0,3.98,DeBolsillo,Mass Market Paperback,175,2004,1953,,2018/05/01,to-read,to-read (#24),to-read,,,,0,,,0,,,,,
8309416,Malware Analyst's Cookbook and DVD: Tools and Techniques for Fighting Malicious Code,Michael Hale Ligh,"Ligh, Michael Hale","Matt Richard, Steven Adair, Blake Hartstein","=""0470613033""","=""9780470613030""",3,4.19,Wiley,Paperback,744,2010,2010,,2018/05/01,,,read,,,,1,,,0,,,,,
1654623,I Was A Kamikaze,Ryuji Nagatsuka,"Nagatsuka, Ryuji","Robert Leckie, Nina Rootes","=""0025882805""","=""9780025882805""",0,3.97,"Macmillan Publishing Co., Inc.",Hardcover,212,1974,1972,,2018/05/01,to-read,to-read (#23),to-read,,,,0,,,0,,,,,
36201443,How to Hack Like a Pornstar,Sparc Flow,"Flow, Sparc",,"=""""","=""9781370662982""",4,4.00,Sparc Flow,ebook,,2017,,,2018/05/01,,,read,,,,1,,,0,,,,,
1173576,What Every Body is Saying: An Ex-FBI Agent's Guide to Speed-Reading People,Joe Navarro,"Navarro, Joe",Marvin Karlins,"=""0061438294""","=""9780061438295""",0,3.91,Collins,Paperback,250,2008,2008,,2018/05/01,to-read,to-read (#21),to-read,,,,0,,,0,,,,,
554464,What the Face Reveals: Basic and Applied Studies of Spontaneous Expression Using the Facial Action Coding System ,Paul Ekman,"Ekman, Paul",Erika L. Rosenberg,"=""0195179641""","=""9780195179644""",0,4.20,"Oxford University Press, USA",Hardcover,672,2005,1998,,2018/05/01,to-read,to-read (#20),to-read,,,,0,,,0,,,,,
15575,"The Sword of Shannara (The Original Shannara Trilogy, #1)",Terry Brooks,"Brooks, Terry",,"=""1857231511""","=""9781857231519""",3,3.76,Orbit,Paperback,726,1999,1977,,2018/05/01,,,read,,,,1,,,0,,,,,
33,"The Lord of the Rings (The Lord of the Rings, #1-3)",J.R.R. Tolkien,"Tolkien, J.R.R.",,"=""""","=""""",2,4.49,Houghton Mifflin Harcourt,Paperback,1216,2005,1955,,2018/05/01,,,read,,,,1,,,0,,,,,
203220,Les Fleurs du Mal,Charles Baudelaire,"Baudelaire, Charles",Richard Howard,"=""0879234628""","=""9780879234621""",3,4.26,David R. Godine Publisher,Paperback,365,1983,1857,,2018/05/01,,,read,,,,1,,,0,,,,,
8049273,"The Elegant Universe: Superstrings, Hidden Dimensions, and the Quest for the Ultimate Theory",Brian Greene,"Greene, Brian",,"=""039333810X""","=""9780393338102""",5,4.07,W. W. Norton & Company,Paperback,464,2010,1999,,2018/04/26,,,read,,,,1,,,0,,,,,
830,Snow Crash,Neal Stephenson,"Stephenson, Neal",,"=""0553380958""","=""9780553380958""",5,4.03,Bantam Books,Paperback,438,2000,1992,,2018/04/26,,,read,,,,1,,,0,,,,,
5544,"Surely You're Joking, Mr. Feynman!: Adventures of a Curious Character",Richard Feynman,"Feynman, Richard",,"=""0393316041""","=""9780393316049""",5,4.28,W. W. Norton & Company,Paperback,391,1997,1985,,2018/04/26,,,read,,,,1,,,0,,,,,
41811,The Caves of Steel (Robot #1),Isaac Asimov,"Asimov, Isaac",,"=""0586008357""","=""9780586008355""",5,4.16,Voyager,Mass Market Paperback,206,1997,1954,,2018/04/26,,,read,,,,1,,,0,,,,,
76683,Foundation's Edge (Foundation #4),Isaac Asimov,"Asimov, Isaac",,"=""0553293389""","=""9780553293388""",5,4.11,Bantam/Spectra,Paperback,450,2010,1982,,2018/04/26,,,read,,,,1,,,0,,,,,
85454,"Isaac Asimov's Caliban (Isaac Asimov's Caliban, #1)",Roger MacBride Allen,"Allen, Roger MacBride",,"=""0441004822""","=""9780441004829""",0,3.96,Ace,Paperback,312,1997,1993,,2018/04/26,to-read,to-read (#1),to-read,,,,0,,,0,,,,,
77507,"Red Mars (Mars Trilogy, #1)",Kim Stanley Robinson,"Robinson, Kim Stanley",,"=""0553560735""","=""9780553560732""",0,3.85,Spectra Books,Mass Market Paperback,572,1993,1992,,2018/04/26,to-read,to-read (#2),to-read,,,,0,,,0,,,,,
6629359,"The Strangest Man: The Hidden Life of Paul Dirac, Mystic of the Atom",Graham Farmelo,"Farmelo, Graham",,"=""0465018270""","=""9780465018277""",0,4.12,Basic Books (AZ),Hardcover,539,2009,2009,,2018/04/26,to-read,to-read (#3),to-read,,,,0,,,0,,,,,
566429,Foundation's Fear (Second Foundation Trilogy #1),Gregory Benford,"Benford, Gregory",,"=""0061056383""","=""9780061056383""",5,3.84,Eos,Mass Market Paperback,608,2000,1997,,2018/04/26,,,read,,,,1,,,0,,,,,
33426,"Hyperspace: A Scientific Odyssey Through Parallel Universes, Time Warps, and the Tenth Dimension",Michio Kaku,"Kaku, Michio",,"=""0192861891""","=""9780192861894""",5,4.12,Oxford Univ Pr (T),Paperback,359,1998,1994,,2018/04/26,,,read,,,,1,,,0,,,,,
166190,Computer Networks,Andrew S. Tanenbaum,"Tanenbaum, Andrew S.",,"=""0130661023""","=""0076092022473""",0,4.06,Prentice Hall,Hardcover,912,2002,1981,,2018/04/27,,,read,,,,1,,,0,,,,,
515601,The C Programming Language,Brian W. Kernighan,"Kernighan, Brian W.",Dennis M. Ritchie,"=""0131103628""","=""9780131103627""",4,4.41,Prentice Hall,Paperback,288,1988,1978,,2018/04/27,,,read,,,,1,,,0,,,,,
105123,More Effective C++,Scott Meyers,"Meyers, Scott",,"=""020163371X""","=""0785342633719""",4,4.33,Addison-Wesley Professional,Paperback,336,1996,1995,,2018/04/27,,,read,,,,1,,,0,,,,,
23217119,Windows Via C/C++,Jeffrey Richter,"Richter, Jeffrey",Christophe Nasarre,"=""0735642982""","=""9780735642980""",4,3.83,Microsoft Press,ebook,,2007,2007,,2018/04/27,,,read,,,,1,,,0,,,,,
21820378,Mastering Bitcoin: Unlocking Digital Cryptocurrencies,Andreas M. Antonopoulos,"Antonopoulos, Andreas M.",,"=""1449374042""","=""9781449374044""",2,4.33,O'Reilly Media,Paperback,298,2014,2014,,2018/04/27,,,read,,,,1,,,0,,,,,
6684923,Unauthorised Access: Physical Penetration Testing for IT Security Teams,Wil Allsopp,"Allsopp, Wil",Kevin D. Mitnick,"=""0470747617""","=""9780470747612""",5,3.86,Wiley,Paperback,287,2009,2009,,2018/04/27,,,read,,,,1,,,0,,,,,
8631270,Practical Lock Picking: A Physical Penetration Tester's Training Guide,Deviant Ollam,"Ollam, Deviant",,"=""1597496111""","=""9781597496117""",4,4.22,Syngress,Paperback,236,2010,2010,,2018/04/27,,,read,,,,1,,,0,,,,,
32027337,Advanced Penetration Testing: Hacking the World's Most Secure Networks,Wil Allsopp,"Allsopp, Wil",,"=""1119367689""","=""9781119367680""",4,4.21,Wiley,Paperback,288,2017,,,2018/04/27,,,read,,,,1,,,0,,,,,
17891588,The Browser Hacker's Handbook,Wade Alcorn,"Alcorn, Wade","Christian Frichot, Michele Orru","=""1118662105""","=""9781118662106""",3,4.06,Wiley,ebook,648,2014,2014,,2018/04/27,,,read,,,,1,,,0,,,,,
17628293,Android Hacker's Handbook,Joshua J. Drake,"Drake, Joshua J.","Zach Lanier, Collin Mulliner, Pau Oliva Fora, Stephen A. Ridley, Georg Wicherski","=""111860864X""","=""9781118608647""",3,3.98,Wiley,Paperback,545,2014,2013,,2018/04/27,,,read,,,,1,,,0,,,,,
3004460,The IDA Pro Book: The Unofficial Guide to the World's Most Popular Disassembler,Chris Eagle,"Eagle, Chris",,"=""1593271786""","=""9781593271787""",5,4.33,No Starch Press,Paperback,640,2008,2008,,2018/04/27,,,read,,,,1,,,0,,,,,
6478938,In Asia,Tiziano Terzani,"Terzani, Tiziano",,"=""8850206178""","=""9788850206179""",5,4.23,TEA,Paperback,434,2004,1998,,2018/04/27,,,read,,,,1,,,0,,,,,
30420524,The Cellular Automaton Interpretation of Quantum Mechanics,Gerard 't Hooft,"Hooft, Gerard 't",,"=""3319412841""","=""9783319412849""",0,4.22,Springer,Hardcover,298,2016,,,2018/04/27,to-read,to-read (#4),to-read,,,,0,,,0,,,,,
99245,Nightfall,Isaac Asimov,"Asimov, Isaac",Robert Silverberg,"=""0553290991""","=""9780553290998""",0,4.03,Bantam Books,Paperback,339,2012,1990,,2018/04/27,to-read,to-read (#5),to-read,,,,0,,,0,,,,,
11976774,Who's in Charge? Free Will and the Science of the Brain,Michael S. Gazzaniga,"Gazzaniga, Michael S.",,"=""0061906107""","=""9780061906107""",0,3.97,Ecco,Hardcover,260,2011,2011,,2018/04/27,to-read,to-read (#6),to-read,,,,0,,,0,,,,,
40445,"Altered Carbon (Takeshi Kovacs, #1)",Richard K. Morgan,"Morgan, Richard K.",,"=""0345457692""","=""9780345457691""",0,4.06,Del Rey Books,Mass Market Paperback,526,2006,2002,,2018/04/27,to-read,to-read (#7),to-read,,,,0,,,0,,,,,
36407347,"The Future of Humanity: Terraforming Mars, Interstellar Travel, Immortality, and Our Destiny Beyond Earth",Michio Kaku,"Kaku, Michio",,"=""0241304849""","=""9780241304846""",0,4.14,Allen Lane,Hardcover,368,2018,2018,,2018/04/28,to-read,to-read (#8),to-read,,,,0,,,0,,,,,
375802,"Ender's Game (Ender's Saga, #1)",Orson Scott Card,"Card, Orson Scott",,"=""0812550706""","=""9780812550702""",0,4.30,TOR,Mass Market Paperback,324,1994,1985,,2018/04/28,to-read,to-read (#9),to-read,,,,0,,,0,,,,,
10157578,Il cervello anarchico,Enzo Soresi,"Soresi, Enzo",,"=""8802071667""","=""9788802071664""",0,3.60,UTET libreria,Paperback,213,2005,2005,,2018/04/30,to-read,to-read (#10),to-read,,,,0,,,0,,,,,
31625636,We Have No Idea: A Guide to the Unknown Universe,Jorge Cham,"Cham, Jorge",Daniel Whiteson,"=""0735211515""","=""9780735211513""",0,4.26,Riverhead Books,Hardcover,368,2017,2017,,2018/05/01,to-read,to-read (#11),to-read,,,,0,,,0,,,,,
35167718,"""What Do You Care What Other People Think?"": Further Adventures of a Curious Character",Richard Feynman,"Feynman, Richard",Ralph Leighton,"=""0393355640""","=""9780393355642""",0,4.27,W. W. Norton  Company,Paperback,288,2018,1988,,2018/05/01,to-read,to-read (#12),to-read,,,,0,,,0,,,,,
10260,The Pleasure of Finding Things Out: The Best Short Works of Richard P. Feynman,Richard Feynman,"Feynman, Richard","Jeffrey Robbins, Freeman Dyson","=""0465023959""","=""9780465023950""",0,4.24,Basic Books,Paperback,270,2005,1999,,2018/05/01,to-read,to-read (#13),to-read,,,,0,,,0,,,,,
17375,The Meaning of It All: Thoughts of a Citizen-Scientist,Richard Feynman,"Feynman, Richard",,"=""0465023940""","=""9780465023943""",0,4.05,Basic Books,Paperback,144,2005,1998,,2018/05/01,to-read,to-read (#14),to-read,,,,0,,,0,,,,,
291920,The Character of Physical Law,Richard Feynman,"Feynman, Richard",James Gleick,"=""0679601279""","=""9780679601272""",0,4.29,Modern Library,Hardcover,192,1994,1964,,2018/05/01,to-read,to-read (#15),to-read,,,,0,,,0,,,,,
5550,Perfectly Reasonable Deviations from the Beaten Track: Letters of Richard P. Feynman,Richard Feynman,"Feynman, Richard",Michelle Feynman,"=""0738206369""","=""9780738206363""",0,4.24,Basic Books,cloth,512,2005,2004,,2018/05/01,to-read,to-read (#16),to-read,,,,0,,,0,,,,,
61666,Contact,Carl Sagan,"Sagan, Carl",,"=""2266079999""","=""9782266079990""",0,4.13,Pocket,Mass Market Paperback,580,1997,1985,,2018/05/01,to-read,to-read (#17),to-read,,,,0,,,0,,,,,
55030,Cosmos,Carl Sagan,"Sagan, Carl",,"=""0375508325""","=""9780375508325""",0,4.36,Random House,Mass Market Paperback,384,2002,1980,,2018/05/01,to-read,to-read (#18),to-read,,,,0,,,0,,,,,
496695,Geek Mafia,Rick Dakan,"Dakan, Rick",,"=""0977264904""","=""9780977264902""",0,3.62,Blue King Studios,Paperback,320,2006,2006,,2018/05/01,to-read,to-read (#19),to-read,,,,0,,,0,,,,,
1638947,Higher Math For Beginners: Mostly Physicists And Engineers,Yakov B. Zel'dovich,"Zel'dovich, Yakov B.",,"=""0133876489""","=""9780133876482""",5,4.56,,,,,,,2018/04/27,,,read,,,,1,,,0,,,,,
41821,The Gods Themselves,Isaac Asimov,"Asimov, Isaac",,"=""1857989341""","=""9781857989342""",5,4.09,Millenium,Paperback,288,2000,1972,,2018/04/27,,,read,,,,1,,,0,,,,,
30016,The Naked Sun (Robot #2),Isaac Asimov,"Asimov, Isaac",,"=""0586010165""","=""9780586010167""",5,4.14,HarperCollins Publishers,Mass Market Paperback,208,1996,1956,,2018/04/27,,,read,,,,1,,,0,,,,,
83539,Fantastic Voyage,Isaac Asimov,"Asimov, Isaac",,"=""0553275720""","=""9780553275728""",5,3.90,Bantam,Paperback,208,1988,1966,,2018/04/27,,,read,,,,1,,,0,,,,,
41820,Pebble in the Sky (Galactic Empire #3),Isaac Asimov,"Asimov, Isaac",,"=""0553293427""","=""9780553293425""",5,3.87,Bantam,Paperback,308,1991,1950,,2018/04/27,,,read,,,,1,,,0,,,,,
41822,"The Stars, Like Dust (Galactic Empire, #1)",Isaac Asimov,"Asimov, Isaac",,"=""0553293435""","=""9780553293432""",5,3.73,Spectra,Mass Market Paperback,304,1991,1951,,2018/04/27,,,read,,,,1,,,0,,,,,
302625,Nemesis,Isaac Asimov,"Asimov, Isaac",,"=""0553286285""","=""9780553286281""",5,3.76,Bantam/Spectra,Mass Market Paperback,386,1990,1989,,2018/04/27,,,read,,,,1,,,0,,,,,
85434,The Currents of Space (Galactic Empire #2),Isaac Asimov,"Asimov, Isaac",,"=""0553293419""","=""9780553293418""",5,3.83,Spectra,Paperback,304,1991,1952,,2018/04/27,,,read,,,,1,,,0,,,,,
70787,The Bicentennial Man and Other Stories,Isaac Asimov,"Asimov, Isaac",,"=""1857989325""","=""9781857989328""",5,4.08,Millennium,Paperback,211,2000,1976,,2018/04/27,,,read,,,,1,,,0,,,,,
41818,Robot Dreams (Robot #0.4),Isaac Asimov,"Asimov, Isaac",,"=""0441011837""","=""9780441011834""",5,4.14,Ace Trade,Paperback,352,2004,1986,,2018/04/27,,,read,,,,1,,,0,,,,,
41823,Robot Visions,Isaac Asimov,"Asimov, Isaac",Ralph McQuarrie,"=""0451450647""","=""9780451450647""",5,4.21,RoC,Mass Market Paperback,496,1991,1990,,2018/04/27,,,read,,,,1,,,0,,,,,
30010,"The Complete Stories, Vol 1",Isaac Asimov,"Asimov, Isaac",,"=""038541627X""","=""9780385416276""",5,4.36,Broadway,Paperback,624,1990,1990,,2018/04/27,,,read,,,,1,,,0,,,,,
272773,The Rest of the Robots (Robot #0.2),Isaac Asimov,"Asimov, Isaac",,"=""0586025944""","=""9780586025949""",5,4.08,Granada Publishing in Panther books,Mass Market Paperback,224,1968,1964,,2018/04/27,,,read,,,,1,,,0,,,,,
9432902,Flashback,Dan Simmons,"Simmons, Dan",,"=""0316006963""","=""9780316006965""",4,3.26,Reagan Arthur Books,Hardcover,554,2011,2011,,2018/04/27,,,read,,,,1,,,0,,,,,
154091,"Mona Lisa Overdrive (Sprawl, #3)",William Gibson,"Gibson, William",,"=""0553281747""","=""9780553281743""",5,3.98,Bantam Spectra,Mass Market Paperback,308,1989,1988,,2018/04/27,,,read,,,,1,,,0,,,,,
313998,Johnny Mnemonic,William Gibson,"Gibson, William",Terry Bisson,"=""000224618X""","=""9780002246187""",5,3.76,HarperCollins,Hardcover,160,1996,1981,,2018/04/27,,,read,,,,1,,,0,,,,,
4588,Extremely Loud and Incredibly Close,Jonathan Safran Foer,"Foer, Jonathan Safran",,"=""0618711651""","=""9780618711659""",2,3.98,Mariner Books,Paperback,326,2006,2005,,2018/04/27,,,read,,,,1,,,0,,,,,
10561885,"Solido, liquido o gassoso?",Domenica Luciani,"Luciani, Domenica",,"=""8809211030""","=""9788809211032""",5,3.83,Giunti Junior,Paperback,157,1999,1999,,2018/04/28,,,read,,,,1,,,0,,,,,
9708329,Nascita Di Un Guru,Takeshi Kitano,"Kitano, Takeshi",L. Brambilla,"=""8804557028""","=""9788804557029""",2,2.84,Mondadori,Paperback,200,2006,1990,,2018/04/28,,,read,,,,1,,,0,,,,,
836555,Crypto ,Dan Brown,"Brown, Dan",Paola Frezza Pavese,"=""880455987X""","=""9788804559870""",4,3.63,Mondadori,Hardcover,427,2006,1998,,2018/04/28,,,read,,,,1,,,0,,,,,
6527580,"La biblioteca dei morti (Will Piper, #1)",Glenn Cooper,"Cooper, Glenn",Gian Paolo Gasperi,"=""8842916064""","=""9788842916062""",4,3.75,Editrice Nord,Hardcover,439,2009,2009,,2018/04/28,,,read,,,,1,,,0,,,,,
9710374,L'arte dell'inganno: I consigli dell'hacker più famoso del mondo,Kevin D. Mitnick,"Mitnick, Kevin D.","William L. Simon, Giancarlo Carlotti, Roul Chiesa","=""8807818418""","=""9788807818417""",1,3.76,Feltrinelli,Paperback,324,2005,2001,,2018/04/28,,,read,,,,1,,,0,,,,,
830502,It,Stephen King,"King, Stephen",,"=""0450411435""","=""9780450411434""",4,4.23,New English Library,Paperback,1116,1987,1986,,2018/04/28,,,read,,,,1,,,0,,,,,
17164592,"Il primo bicchiere, come sempre, è il migliore",Charles Bukowski,"Bukowski, Charles",Damiano Abeni,"=""8875210802""","=""9788875210809""",4,3.67,Minimum Fax,Paperback,225,2006,,,2018/04/28,,,read,,,,1,,,0,,,,,
3407979,Il silenzio degli innocenti,Thomas   Harris,"Harris, Thomas",Roberta Rambelli,"=""880433374X""","=""9788804333746""",5,4.17,Mondadori,Paperback,383,1991,1988,,2018/04/28,,,read,,,,1,,,0,,,,,
1855674,... E venne chiamata due cuori,Marlo Morgan,"Morgan, Marlo",Maria Barbara Piccioli,"=""8845407039""","=""9788845407031""",4,3.78,Sonzogno,Paperback,219,1994,1990,,2018/04/28,,,read,,,,1,,,0,,,,,
18215286,"Spazio, tempo e universo. Passato, presente e futuro della teoria della relatività",Tullio Regge,"Regge, Tullio",Giulio Peruzzi,"=""8877508248""","=""9788877508249""",3,2.67,UTET libreria,Paperback,158,2003,2003,,2018/04/28,,,read,,,,1,,,0,,,,,
277950,Hagakure: The Book of the Samurai,Yamamoto Tsunetomo,"Tsunetomo, Yamamoto",William Scott Wilson,"=""4770029160""","=""9784770029164""",4,4.07,Kodansha,Hardcover,179,2002,1716,,2018/04/26,,,read,,,,1,,,0,,,,,
10534,The Art of War,Sun Tzu,"Tzu, Sun",Thomas Cleary,"=""1590302257""","=""9781590302255""",5,3.97,Shambhala,Paperback,273,2005,-500,,2018/04/27,,,read,,,,1,,,0,,,,,
863239,The Unfettered Mind: Writings of the Zen Master to the Sword Master,Takuan Soho,"Soho, Takuan",William Scott Wilson,"=""087011851X""","=""9780870118517""",3,4.13,Kodansha,Paperback,101,1988,1986,,2018/04/27,,,read,,,,1,,,0,,,,,
51893,Thus Spoke Zarathustra,Friedrich Nietzsche,"Nietzsche, Friedrich",Walter Kaufmann,"=""0140047484""","=""9780140047486""",5,4.06,Penguin Books,Paperback,327,1978,1883,,2018/04/27,,,read,,,,1,,,0,,,,,
3400697,101 storie Zen,Nyogen Senzaki,"Senzaki, Nyogen","Paul Reps, Adriana Motti","=""8845901602""","=""9788845901607""",5,3.88,Adelphi,Paperback,107,1973,1919,,2018/04/28,,,read,,,,1,,,0,,,,,
